"model","parameter","maximum log likelihood","BIC"
"uniform",0,-9976.2889596122,19952.5779192244
"1-CPL",1,-9862.8633483598,19732.9021864332
"2-CPL",3,-9833.86553436729,19689.2575378755
"3-CPL",5,-9792.0478862671,19619.9732211023
"4-CPL",7,-9790.86924681708,19631.9669216295
"5-CPL",9,-9790.40116859675,19645.3817446161
